BEGIN;
-- ----------------------------
-- Records of knowledge_circle
-- ----------------------------
INSERT INTO `knowledge_circle` (`id`, `name`) VALUES (933842217975808, '研发');
INSERT INTO `knowledge_circle` (`id`, `name`) VALUES (933844977827840, '事件');
INSERT INTO `knowledge_circle` (`id`, `name`) VALUES (933859674669056, '发布');

-- ----------------------------
-- Records of knowledge_circle_user
-- ----------------------------
INSERT INTO `knowledge_circle_user` (`knowledge_circle_id`, `uuid`, `type`, `auth_type`) VALUES (933842217975808, '31aa8c515add4a688b80000aa2bf2310', 'user', 'member');
INSERT INTO `knowledge_circle_user` (`knowledge_circle_id`, `uuid`, `type`, `auth_type`) VALUES (933842217975808, '45206688efe949c2afc661b7b0806aae', 'role', 'approver');
INSERT INTO `knowledge_circle_user` (`knowledge_circle_id`, `uuid`, `type`, `auth_type`) VALUES (933842217975808, '6e6fd7feadc7469592047184919c8b4c', 'user', 'member');
INSERT INTO `knowledge_circle_user` (`knowledge_circle_id`, `uuid`, `type`, `auth_type`) VALUES (933844977827840, '3b468d80605648a690ab892e12a92fac', 'user', 'member');
INSERT INTO `knowledge_circle_user` (`knowledge_circle_id`, `uuid`, `type`, `auth_type`) VALUES (933844977827840, '45206688efe949c2afc661b7b0806aae', 'role', 'approver');
INSERT INTO `knowledge_circle_user` (`knowledge_circle_id`, `uuid`, `type`, `auth_type`) VALUES (933859674669056, '31aa8c515add4a688b80000aa2bf2310', 'user', 'member');
INSERT INTO `knowledge_circle_user` (`knowledge_circle_id`, `uuid`, `type`, `auth_type`) VALUES (933859674669056, 'c8dea216f5bd49349db05cbc87db2f9a', 'user', 'approver');

-- ----------------------------
-- Records of knowledge_document
-- ----------------------------
INSERT INTO `knowledge_document` (`id`, `title`, `knowledge_document_version_id`, `knowledge_document_type_uuid`, `knowledge_circle_id`, `is_delete`, `version`, `fcu`, `fcd`, `source`) VALUES (933843979583488, 'git安装', 934030684831744, '1ae38c72d90040518b6967f4d0864963', 933842217975808, 0, 2, '6e6fd7feadc7469592047184919c8b4c', '2023-07-12 11:01:05.709', NULL);
INSERT INTO `knowledge_document` (`id`, `title`, `knowledge_document_version_id`, `knowledge_document_type_uuid`, `knowledge_circle_id`, `is_delete`, `version`, `fcu`, `fcd`, `source`) VALUES (933846831710210, '业务系统A类事件故障处理', 934030617722880, 'b56b6d09030f47589a9c49a8b0ead8f4', 933844977827840, 0, 2, '6e6fd7feadc7469592047184919c8b4c', '2023-07-12 11:06:45.724', NULL);
INSERT INTO `knowledge_document` (`id`, `title`, `knowledge_document_version_id`, `knowledge_document_type_uuid`, `knowledge_circle_id`, `is_delete`, `version`, `fcu`, `fcd`, `source`) VALUES (933856042401792, '端口被占用', 934030550614016, '171f3120dc86419aad858aac9d6e4bc4', 933842217975808, 0, 2, '6e6fd7feadc7469592047184919c8b4c', '2023-07-12 11:25:03.880', NULL);
INSERT INTO `knowledge_document` (`id`, `title`, `knowledge_document_version_id`, `knowledge_document_type_uuid`, `knowledge_circle_id`, `is_delete`, `version`, `fcu`, `fcd`, `source`) VALUES (933856562495488, 'InputStream_read方法使用注意', 934030491893760, '171f3120dc86419aad858aac9d6e4bc4', 933842217975808, 0, 2, '6e6fd7feadc7469592047184919c8b4c', '2023-07-12 11:26:05.454', NULL);
INSERT INTO `knowledge_document` (`id`, `title`, `knowledge_document_version_id`, `knowledge_document_type_uuid`, `knowledge_circle_id`, `is_delete`, `version`, `fcu`, `fcd`, `source`) VALUES (933860891017216, '发布流程', 934030349287424, '4e879be8d8404ff09a61db59da78f9a5', 933859674669056, 0, 2, '6e6fd7feadc7469592047184919c8b4c', '2023-07-12 11:34:41.319', NULL);

-- ----------------------------
-- Records of knowledge_document_audit
-- ----------------------------
INSERT INTO `knowledge_document_audit` (`id`, `knowledge_document_id`, `knowledge_document_version_id`, `fcu`, `operate`, `fcd`, `config_hash`) VALUES (151, 933843979583488, 933843979583489, '6e6fd7feadc7469592047184919c8b4c', 'submit', '2023-07-12 11:01:05.747', NULL);
INSERT INTO `knowledge_document_audit` (`id`, `knowledge_document_id`, `knowledge_document_version_id`, `fcu`, `operate`, `fcd`, `config_hash`) VALUES (152, 933843979583488, 933843979583489, '6e6fd7feadc7469592047184919c8b4c', 'pass', '2023-07-12 11:01:07.048', NULL);
INSERT INTO `knowledge_document_audit` (`id`, `knowledge_document_id`, `knowledge_document_version_id`, `fcu`, `operate`, `fcd`, `config_hash`) VALUES (153, 933846831710210, 933846831710211, '6e6fd7feadc7469592047184919c8b4c', 'submit', '2023-07-12 11:06:45.757', NULL);
INSERT INTO `knowledge_document_audit` (`id`, `knowledge_document_id`, `knowledge_document_version_id`, `fcu`, `operate`, `fcd`, `config_hash`) VALUES (154, 933846831710210, 933846831710211, '6e6fd7feadc7469592047184919c8b4c', 'pass', '2023-07-12 11:06:46.930', NULL);
INSERT INTO `knowledge_document_audit` (`id`, `knowledge_document_id`, `knowledge_document_version_id`, `fcu`, `operate`, `fcd`, `config_hash`) VALUES (155, 933856042401792, 933856042401793, '6e6fd7feadc7469592047184919c8b4c', 'submit', '2023-07-12 11:25:03.897', NULL);
INSERT INTO `knowledge_document_audit` (`id`, `knowledge_document_id`, `knowledge_document_version_id`, `fcu`, `operate`, `fcd`, `config_hash`) VALUES (156, 933856042401792, 933856042401793, '6e6fd7feadc7469592047184919c8b4c', 'pass', '2023-07-12 11:25:05.502', NULL);
INSERT INTO `knowledge_document_audit` (`id`, `knowledge_document_id`, `knowledge_document_version_id`, `fcu`, `operate`, `fcd`, `config_hash`) VALUES (157, 933856562495488, 933856562495489, '6e6fd7feadc7469592047184919c8b4c', 'submit', '2023-07-12 11:26:05.481', NULL);
INSERT INTO `knowledge_document_audit` (`id`, `knowledge_document_id`, `knowledge_document_version_id`, `fcu`, `operate`, `fcd`, `config_hash`) VALUES (158, 933856562495488, 933856562495489, '6e6fd7feadc7469592047184919c8b4c', 'pass', '2023-07-12 11:26:06.534', NULL);
INSERT INTO `knowledge_document_audit` (`id`, `knowledge_document_id`, `knowledge_document_version_id`, `fcu`, `operate`, `fcd`, `config_hash`) VALUES (159, 933860891017216, 933860891017217, '6e6fd7feadc7469592047184919c8b4c', 'submit', '2023-07-12 11:34:41.346', NULL);
INSERT INTO `knowledge_document_audit` (`id`, `knowledge_document_id`, `knowledge_document_version_id`, `fcu`, `operate`, `fcd`, `config_hash`) VALUES (160, 933860891017216, 933860891017217, '6e6fd7feadc7469592047184919c8b4c', 'pass', '2023-07-12 11:34:43.003', NULL);
INSERT INTO `knowledge_document_audit` (`id`, `knowledge_document_id`, `knowledge_document_version_id`, `fcu`, `operate`, `fcd`, `config_hash`) VALUES (161, 933860891017216, 934030349287424, 'c8dea216f5bd49349db05cbc87db2f9a', 'submit', '2023-07-12 17:11:22.555', NULL);
INSERT INTO `knowledge_document_audit` (`id`, `knowledge_document_id`, `knowledge_document_version_id`, `fcu`, `operate`, `fcd`, `config_hash`) VALUES (162, 933860891017216, 934030349287424, 'c8dea216f5bd49349db05cbc87db2f9a', 'pass', '2023-07-12 17:11:23.576', NULL);
INSERT INTO `knowledge_document_audit` (`id`, `knowledge_document_id`, `knowledge_document_version_id`, `fcu`, `operate`, `fcd`, `config_hash`) VALUES (163, 933856562495488, 934030491893760, 'c8dea216f5bd49349db05cbc87db2f9a', 'submit', '2023-07-12 17:11:39.528', NULL);
INSERT INTO `knowledge_document_audit` (`id`, `knowledge_document_id`, `knowledge_document_version_id`, `fcu`, `operate`, `fcd`, `config_hash`) VALUES (164, 933856562495488, 934030491893760, 'c8dea216f5bd49349db05cbc87db2f9a', 'pass', '2023-07-12 17:11:40.906', NULL);
INSERT INTO `knowledge_document_audit` (`id`, `knowledge_document_id`, `knowledge_document_version_id`, `fcu`, `operate`, `fcd`, `config_hash`) VALUES (165, 933856042401792, 934030550614016, 'c8dea216f5bd49349db05cbc87db2f9a', 'submit', '2023-07-12 17:11:46.566', NULL);
INSERT INTO `knowledge_document_audit` (`id`, `knowledge_document_id`, `knowledge_document_version_id`, `fcu`, `operate`, `fcd`, `config_hash`) VALUES (166, 933856042401792, 934030550614016, 'c8dea216f5bd49349db05cbc87db2f9a', 'pass', '2023-07-12 17:11:48.096', NULL);
INSERT INTO `knowledge_document_audit` (`id`, `knowledge_document_id`, `knowledge_document_version_id`, `fcu`, `operate`, `fcd`, `config_hash`) VALUES (167, 933846831710210, 934030617722880, 'c8dea216f5bd49349db05cbc87db2f9a', 'submit', '2023-07-12 17:11:54.558', NULL);
INSERT INTO `knowledge_document_audit` (`id`, `knowledge_document_id`, `knowledge_document_version_id`, `fcu`, `operate`, `fcd`, `config_hash`) VALUES (168, 933846831710210, 934030617722880, 'c8dea216f5bd49349db05cbc87db2f9a', 'pass', '2023-07-12 17:11:55.899', NULL);
INSERT INTO `knowledge_document_audit` (`id`, `knowledge_document_id`, `knowledge_document_version_id`, `fcu`, `operate`, `fcd`, `config_hash`) VALUES (169, 933843979583488, 934030684831744, 'c8dea216f5bd49349db05cbc87db2f9a', 'submit', '2023-07-12 17:12:02.160', NULL);
INSERT INTO `knowledge_document_audit` (`id`, `knowledge_document_id`, `knowledge_document_version_id`, `fcu`, `operate`, `fcd`, `config_hash`) VALUES (170, 933843979583488, 934030684831744, 'c8dea216f5bd49349db05cbc87db2f9a', 'pass', '2023-07-12 17:12:03.348', NULL);

-- ----------------------------
-- Records of knowledge_document_line
-- ----------------------------
INSERT INTO `knowledge_document_line` (`uuid`, `handler`, `knowledge_document_id`, `knowledge_document_version_id`, `content_hash`, `config_hash`, `line_number`) VALUES ('01dca41b6fe24ff38c26dc0f5cec7560', 'p', 933843979583488, 934030684831744, NULL, NULL, 12);
INSERT INTO `knowledge_document_line` (`uuid`, `handler`, `knowledge_document_id`, `knowledge_document_version_id`, `content_hash`, `config_hash`, `line_number`) VALUES ('092e0a7e77b4499291bef7e8e8e9ab41', 'p', 933856042401792, 934030550614016, 'ec15eb4fa398fcd88b1048c629cc5098', NULL, 1);
INSERT INTO `knowledge_document_line` (`uuid`, `handler`, `knowledge_document_id`, `knowledge_document_version_id`, `content_hash`, `config_hash`, `line_number`) VALUES ('0c9cf9eda1484158ab3ab240e6d75abc', 'p', 933846831710210, 933846831710211, 'f96c401fb52bd604fe51a97b1e49ca36', NULL, 9);
INSERT INTO `knowledge_document_line` (`uuid`, `handler`, `knowledge_document_id`, `knowledge_document_version_id`, `content_hash`, `config_hash`, `line_number`) VALUES ('1031415d09ed4e5db836cf476f49d43b', 'p', 933843979583488, 934030684831744, '5df66ce145ac4582e44b2847dd149124', NULL, 5);
INSERT INTO `knowledge_document_line` (`uuid`, `handler`, `knowledge_document_id`, `knowledge_document_version_id`, `content_hash`, `config_hash`, `line_number`) VALUES ('10b302f56461484db88041803eb8fdfa', 'p', 933846831710210, 934030617722880, '1d22d2948f8f2b5f8189f0f63b417e04', NULL, 1);
INSERT INTO `knowledge_document_line` (`uuid`, `handler`, `knowledge_document_id`, `knowledge_document_version_id`, `content_hash`, `config_hash`, `line_number`) VALUES ('1291bd3d2eb040d89ac3f38a9679261d', 'p', 933856042401792, 933856042401793, NULL, NULL, 2);
INSERT INTO `knowledge_document_line` (`uuid`, `handler`, `knowledge_document_id`, `knowledge_document_version_id`, `content_hash`, `config_hash`, `line_number`) VALUES ('174301525b5a4638b7785e375c572909', 'p', 933846831710210, 934030617722880, '8b0f0ea73162b7552dda3c149b6c045d', NULL, 22);
INSERT INTO `knowledge_document_line` (`uuid`, `handler`, `knowledge_document_id`, `knowledge_document_version_id`, `content_hash`, `config_hash`, `line_number`) VALUES ('17805b889f9647eba7e20dc329e3b489', 'p', 933860891017216, 934030349287424, NULL, NULL, 13);
INSERT INTO `knowledge_document_line` (`uuid`, `handler`, `knowledge_document_id`, `knowledge_document_version_id`, `content_hash`, `config_hash`, `line_number`) VALUES ('1ab3d5b920b646e0b367a7ea738307d7', 'p', 933860891017216, 933860891017217, '3854b6cadf4217c55a9a8d1ac26bf309', NULL, 6);
INSERT INTO `knowledge_document_line` (`uuid`, `handler`, `knowledge_document_id`, `knowledge_document_version_id`, `content_hash`, `config_hash`, `line_number`) VALUES ('1b479b53361648c2adb5bf11ba04bdeb', 'p', 933846831710210, 933846831710211, '548969834a5791029454e3df12c26ea3', NULL, 13);
INSERT INTO `knowledge_document_line` (`uuid`, `handler`, `knowledge_document_id`, `knowledge_document_version_id`, `content_hash`, `config_hash`, `line_number`) VALUES ('1c20e3764c824534bd57c5797a3e2a17', 'h1', 933856562495488, 934030491893760, '4fa85b1bceb7812a30c8ba2b602ad10c', NULL, 1);
INSERT INTO `knowledge_document_line` (`uuid`, `handler`, `knowledge_document_id`, `knowledge_document_version_id`, `content_hash`, `config_hash`, `line_number`) VALUES ('1c214db5752144839b6c5fa9a6462dae', 'p', 933860891017216, 934030349287424, NULL, NULL, 3);
INSERT INTO `knowledge_document_line` (`uuid`, `handler`, `knowledge_document_id`, `knowledge_document_version_id`, `content_hash`, `config_hash`, `line_number`) VALUES ('1d6114fae8e246089a803d978d15ec0d', 'p', 933860891017216, 933860891017217, 'dd6963109b3fb0a6c57807935efcc567', NULL, 20);
INSERT INTO `knowledge_document_line` (`uuid`, `handler`, `knowledge_document_id`, `knowledge_document_version_id`, `content_hash`, `config_hash`, `line_number`) VALUES ('1d759fca8fb1490ea1cd7de2c94515a5', 'p', 933856562495488, 934030491893760, '9a8194d9c9c5e5a481d37bcc9c64a7c3', NULL, 4);
INSERT INTO `knowledge_document_line` (`uuid`, `handler`, `knowledge_document_id`, `knowledge_document_version_id`, `content_hash`, `config_hash`, `line_number`) VALUES ('1e5709120bf8452098183f973c850d05', 'p', 933856562495488, 933856562495489, '3d01952dc2dad8d5efe7c76602fcca3b', NULL, 12);
INSERT INTO `knowledge_document_line` (`uuid`, `handler`, `knowledge_document_id`, `knowledge_document_version_id`, `content_hash`, `config_hash`, `line_number`) VALUES ('1fa45b22c24c4a488b6d57e24b85fd99', 'p', 933843979583488, 933843979583489, 'b7005da65eb9f4cb9caa24bf205538ec', NULL, 13);
INSERT INTO `knowledge_document_line` (`uuid`, `handler`, `knowledge_document_id`, `knowledge_document_version_id`, `content_hash`, `config_hash`, `line_number`) VALUES ('21e7893f3884438185b423d5dd80c1ff', 'p', 933860891017216, 933860891017217, 'aa552ed0f58db87de5d9246b7fbfa51b', NULL, 8);
INSERT INTO `knowledge_document_line` (`uuid`, `handler`, `knowledge_document_id`, `knowledge_document_version_id`, `content_hash`, `config_hash`, `line_number`) VALUES ('228e039dcb974ade87c1f286fe3f8b54', 'p', 933846831710210, 934030617722880, NULL, NULL, 4);
INSERT INTO `knowledge_document_line` (`uuid`, `handler`, `knowledge_document_id`, `knowledge_document_version_id`, `content_hash`, `config_hash`, `line_number`) VALUES ('25bd301ff86845158037c54f67284a73', 'p', 933846831710210, 934030617722880, NULL, NULL, 10);
INSERT INTO `knowledge_document_line` (`uuid`, `handler`, `knowledge_document_id`, `knowledge_document_version_id`, `content_hash`, `config_hash`, `line_number`) VALUES ('26ae044213d04ad287c40a19e807cac5', 'p', 933846831710210, 933846831710211, NULL, NULL, 2);
INSERT INTO `knowledge_document_line` (`uuid`, `handler`, `knowledge_document_id`, `knowledge_document_version_id`, `content_hash`, `config_hash`, `line_number`) VALUES ('2dd55c9c30a2491eb921b49291c20516', 'p', 933860891017216, 934030349287424, NULL, NULL, 17);
INSERT INTO `knowledge_document_line` (`uuid`, `handler`, `knowledge_document_id`, `knowledge_document_version_id`, `content_hash`, `config_hash`, `line_number`) VALUES ('31aff55f3f6a45f9824a5abb56130925', 'p', 933843979583488, 934030684831744, NULL, NULL, 8);
INSERT INTO `knowledge_document_line` (`uuid`, `handler`, `knowledge_document_id`, `knowledge_document_version_id`, `content_hash`, `config_hash`, `line_number`) VALUES ('321ca19ebb20423eb4e52f4147340d08', 'p', 933856562495488, 933856562495489, 'e935f1254f868f2619f8ac14a24c9020', NULL, 6);
INSERT INTO `knowledge_document_line` (`uuid`, `handler`, `knowledge_document_id`, `knowledge_document_version_id`, `content_hash`, `config_hash`, `line_number`) VALUES ('33884a6c4b6f4cc483aa0c278dafded5', 'p', 933860891017216, 933860891017217, NULL, NULL, 17);
INSERT INTO `knowledge_document_line` (`uuid`, `handler`, `knowledge_document_id`, `knowledge_document_version_id`, `content_hash`, `config_hash`, `line_number`) VALUES ('36dc779505d641d291d7b99afe6e0aad', 'p', 933846831710210, 933846831710211, '79f844120496cf0e8e3b69c04f2fced0', NULL, 21);
INSERT INTO `knowledge_document_line` (`uuid`, `handler`, `knowledge_document_id`, `knowledge_document_version_id`, `content_hash`, `config_hash`, `line_number`) VALUES ('36e2b0f246cf4b2b8cdd50c1c9c885bf', 'p', 933846831710210, 934030617722880, '548969834a5791029454e3df12c26ea3', NULL, 13);
INSERT INTO `knowledge_document_line` (`uuid`, `handler`, `knowledge_document_id`, `knowledge_document_version_id`, `content_hash`, `config_hash`, `line_number`) VALUES ('377e3d4231854a0d81c7340d9bc3e4f6', 'p', 933856562495488, 934030491893760, 'a35c26220840ab638bb6201423b14071', NULL, 2);
INSERT INTO `knowledge_document_line` (`uuid`, `handler`, `knowledge_document_id`, `knowledge_document_version_id`, `content_hash`, `config_hash`, `line_number`) VALUES ('3839268a4fa74e69a43db6c959d62447', 'p', 933856562495488, 933856562495489, 'a6c49776c551997ceb62cfce528938a6', NULL, 10);
INSERT INTO `knowledge_document_line` (`uuid`, `handler`, `knowledge_document_id`, `knowledge_document_version_id`, `content_hash`, `config_hash`, `line_number`) VALUES ('3f4e7d7c5b0d4efdb9ec2b13cd81b069', 'p', 933843979583488, 933843979583489, NULL, NULL, 14);
INSERT INTO `knowledge_document_line` (`uuid`, `handler`, `knowledge_document_id`, `knowledge_document_version_id`, `content_hash`, `config_hash`, `line_number`) VALUES ('3fab7065b32b4d15857c4bf9181af364', 'p', 933860891017216, 933860891017217, '90fc73195fd9e414d8005c10449a28f0', NULL, 18);
INSERT INTO `knowledge_document_line` (`uuid`, `handler`, `knowledge_document_id`, `knowledge_document_version_id`, `content_hash`, `config_hash`, `line_number`) VALUES ('4066b5d221b74cfc89a71db0821df4e3', 'p', 933860891017216, 934030349287424, 'f7ea9ed113b53a95c6ccbaaaee326421', NULL, 16);
INSERT INTO `knowledge_document_line` (`uuid`, `handler`, `knowledge_document_id`, `knowledge_document_version_id`, `content_hash`, `config_hash`, `line_number`) VALUES ('4272619552894f89bc55ad401f1d6223', 'p', 933846831710210, 933846831710211, NULL, NULL, 4);
INSERT INTO `knowledge_document_line` (`uuid`, `handler`, `knowledge_document_id`, `knowledge_document_version_id`, `content_hash`, `config_hash`, `line_number`) VALUES ('432b73f8a218448daacf5828fb3cab51', 'p', 933846831710210, 933846831710211, 'be224e4f555f43d6c6e91586c7b4487f', NULL, 11);
INSERT INTO `knowledge_document_line` (`uuid`, `handler`, `knowledge_document_id`, `knowledge_document_version_id`, `content_hash`, `config_hash`, `line_number`) VALUES ('472f9cdbd8ed4cb597ec2a714a2b1b97', 'p', 933860891017216, 934030349287424, 'dd6963109b3fb0a6c57807935efcc567', NULL, 20);
INSERT INTO `knowledge_document_line` (`uuid`, `handler`, `knowledge_document_id`, `knowledge_document_version_id`, `content_hash`, `config_hash`, `line_number`) VALUES ('48fee02c3dd9479f8f29c1fedddbbaec', 'p', 933846831710210, 933846831710211, NULL, NULL, 8);
INSERT INTO `knowledge_document_line` (`uuid`, `handler`, `knowledge_document_id`, `knowledge_document_version_id`, `content_hash`, `config_hash`, `line_number`) VALUES ('490672aa781f48a9a536662e5b3fa89f', 'p', 933843979583488, 933843979583489, '606e2fb79e4978aa92b06ed5a038e48b', NULL, 3);
INSERT INTO `knowledge_document_line` (`uuid`, `handler`, `knowledge_document_id`, `knowledge_document_version_id`, `content_hash`, `config_hash`, `line_number`) VALUES ('492ac487cff74b88980f623fccb89aae', 'h1', 933856562495488, 933856562495489, '4fa85b1bceb7812a30c8ba2b602ad10c', NULL, 1);
INSERT INTO `knowledge_document_line` (`uuid`, `handler`, `knowledge_document_id`, `knowledge_document_version_id`, `content_hash`, `config_hash`, `line_number`) VALUES ('49d8d3b26c474cddb1269b15ba84c366', 'p', 933856562495488, 934030491893760, 'ea034fa6b6d30206491a117c05d7d462', NULL, 8);
INSERT INTO `knowledge_document_line` (`uuid`, `handler`, `knowledge_document_id`, `knowledge_document_version_id`, `content_hash`, `config_hash`, `line_number`) VALUES ('4acd793d06f84147ab6d5cf039e0c20b', 'p', 933860891017216, 933860891017217, NULL, NULL, 13);
INSERT INTO `knowledge_document_line` (`uuid`, `handler`, `knowledge_document_id`, `knowledge_document_version_id`, `content_hash`, `config_hash`, `line_number`) VALUES ('4b4add329eba41dbbecb2b732c03c594', 'p', 933846831710210, 933846831710211, '7c9b7ccd054018705928ec302f425b56', NULL, 5);
INSERT INTO `knowledge_document_line` (`uuid`, `handler`, `knowledge_document_id`, `knowledge_document_version_id`, `content_hash`, `config_hash`, `line_number`) VALUES ('4b4b7da1684042db8b2cbaa5a9b515ea', 'p', 933846831710210, 934030617722880, '7fc77db65124152744988249de512c04', NULL, 17);
INSERT INTO `knowledge_document_line` (`uuid`, `handler`, `knowledge_document_id`, `knowledge_document_version_id`, `content_hash`, `config_hash`, `line_number`) VALUES ('4c511b8bffdf40379abad7638e7fdd82', 'p', 933860891017216, 934030349287424, NULL, NULL, 19);
INSERT INTO `knowledge_document_line` (`uuid`, `handler`, `knowledge_document_id`, `knowledge_document_version_id`, `content_hash`, `config_hash`, `line_number`) VALUES ('4faadfc792934e8abfaf1f6d0c107cb5', 'p', 933843979583488, 934030684831744, '99ea70f0362367492e514493cb8371ff', NULL, 11);
INSERT INTO `knowledge_document_line` (`uuid`, `handler`, `knowledge_document_id`, `knowledge_document_version_id`, `content_hash`, `config_hash`, `line_number`) VALUES ('51b7abc9d2224f3db581cbcce6109d46', 'p', 933860891017216, 934030349287424, '2e7434be0f2b1c558ac981f7f2f57c03', NULL, 4);
INSERT INTO `knowledge_document_line` (`uuid`, `handler`, `knowledge_document_id`, `knowledge_document_version_id`, `content_hash`, `config_hash`, `line_number`) VALUES ('55aae370381d4eacb03d824d2d88db49', 'p', 933846831710210, 934030617722880, NULL, NULL, 18);
INSERT INTO `knowledge_document_line` (`uuid`, `handler`, `knowledge_document_id`, `knowledge_document_version_id`, `content_hash`, `config_hash`, `line_number`) VALUES ('56f2b9a64ddc402f9b96df0393b7ca82', 'p', 933843979583488, 934030684831744, '8b0f0ea73162b7552dda3c149b6c045d', NULL, 4);
INSERT INTO `knowledge_document_line` (`uuid`, `handler`, `knowledge_document_id`, `knowledge_document_version_id`, `content_hash`, `config_hash`, `line_number`) VALUES ('578f2d0c118f468dae14567e76e24e68', 'p', 933843979583488, 933843979583489, NULL, NULL, 12);
INSERT INTO `knowledge_document_line` (`uuid`, `handler`, `knowledge_document_id`, `knowledge_document_version_id`, `content_hash`, `config_hash`, `line_number`) VALUES ('5d09f6e5a7f0479694df674bf4384668', 'p', 933846831710210, 934030617722880, NULL, NULL, 12);
INSERT INTO `knowledge_document_line` (`uuid`, `handler`, `knowledge_document_id`, `knowledge_document_version_id`, `content_hash`, `config_hash`, `line_number`) VALUES ('5ed2ba9a5e004a93bc04daa7a2435a52', 'p', 933856562495488, 933856562495489, '5dd4ec92c69f3a852d17ca670b4126e4', NULL, 9);
INSERT INTO `knowledge_document_line` (`uuid`, `handler`, `knowledge_document_id`, `knowledge_document_version_id`, `content_hash`, `config_hash`, `line_number`) VALUES ('61f30c3deba04998a55dde7029b19172', 'p', 933843979583488, 934030684831744, NULL, NULL, 10);
INSERT INTO `knowledge_document_line` (`uuid`, `handler`, `knowledge_document_id`, `knowledge_document_version_id`, `content_hash`, `config_hash`, `line_number`) VALUES ('630b128b360441abb41911e7176b77fe', 'p', 933860891017216, 933860891017217, NULL, NULL, 15);
INSERT INTO `knowledge_document_line` (`uuid`, `handler`, `knowledge_document_id`, `knowledge_document_version_id`, `content_hash`, `config_hash`, `line_number`) VALUES ('653a93a0e973488c9b6ac1e0e06507e2', 'p', 933846831710210, 933846831710211, '7fc77db65124152744988249de512c04', NULL, 17);
INSERT INTO `knowledge_document_line` (`uuid`, `handler`, `knowledge_document_id`, `knowledge_document_version_id`, `content_hash`, `config_hash`, `line_number`) VALUES ('67578e1359754098aa60e825efc5d029', 'p', 933860891017216, 934030349287424, '2f49826137cf3a6e9181ea228bd23d65', NULL, 2);
INSERT INTO `knowledge_document_line` (`uuid`, `handler`, `knowledge_document_id`, `knowledge_document_version_id`, `content_hash`, `config_hash`, `line_number`) VALUES ('6a197d8bafda4274af6a12f8539356bd', 'p', 933860891017216, 934030349287424, '3854b6cadf4217c55a9a8d1ac26bf309', NULL, 6);
INSERT INTO `knowledge_document_line` (`uuid`, `handler`, `knowledge_document_id`, `knowledge_document_version_id`, `content_hash`, `config_hash`, `line_number`) VALUES ('6befc75ebba642b697346d383e0051ff', 'p', 933846831710210, 934030617722880, NULL, NULL, 20);
INSERT INTO `knowledge_document_line` (`uuid`, `handler`, `knowledge_document_id`, `knowledge_document_version_id`, `content_hash`, `config_hash`, `line_number`) VALUES ('6dc778d6170d419ebd981a2cf5e096fb', 'p', 933860891017216, 933860891017217, NULL, NULL, 9);
INSERT INTO `knowledge_document_line` (`uuid`, `handler`, `knowledge_document_id`, `knowledge_document_version_id`, `content_hash`, `config_hash`, `line_number`) VALUES ('6f17252a24804fd98c78c8ff28a5d9c1', 'p', 933860891017216, 934030349287424, 'cda2f704ff1bd4079417768c74201afe', NULL, 10);
INSERT INTO `knowledge_document_line` (`uuid`, `handler`, `knowledge_document_id`, `knowledge_document_version_id`, `content_hash`, `config_hash`, `line_number`) VALUES ('6f18a3c17bf04ba0892837a1f41cd09f', 'p', 933856562495488, 934030491893760, 'a6c49776c551997ceb62cfce528938a6', NULL, 10);
INSERT INTO `knowledge_document_line` (`uuid`, `handler`, `knowledge_document_id`, `knowledge_document_version_id`, `content_hash`, `config_hash`, `line_number`) VALUES ('707916b61a884464aca706b54aecb94c', 'p', 933843979583488, 934030684831744, NULL, NULL, 17);
INSERT INTO `knowledge_document_line` (`uuid`, `handler`, `knowledge_document_id`, `knowledge_document_version_id`, `content_hash`, `config_hash`, `line_number`) VALUES ('72243affae594d4fb888bb551ae61c34', 'p', 933843979583488, 933843979583489, '5df66ce145ac4582e44b2847dd149124', NULL, 5);
INSERT INTO `knowledge_document_line` (`uuid`, `handler`, `knowledge_document_id`, `knowledge_document_version_id`, `content_hash`, `config_hash`, `line_number`) VALUES ('726efc40de044d9e972b55c8f0998a9f', 'p', 933860891017216, 933860891017217, '2e7434be0f2b1c558ac981f7f2f57c03', NULL, 4);
INSERT INTO `knowledge_document_line` (`uuid`, `handler`, `knowledge_document_id`, `knowledge_document_version_id`, `content_hash`, `config_hash`, `line_number`) VALUES ('728d6f18fa3c48438388e405cec174b3', 'p', 933860891017216, 933860891017217, NULL, NULL, 11);
INSERT INTO `knowledge_document_line` (`uuid`, `handler`, `knowledge_document_id`, `knowledge_document_version_id`, `content_hash`, `config_hash`, `line_number`) VALUES ('79c80c0160f44deba1235032b99e2ef7', 'p', 933846831710210, 933846831710211, 'fbe81a18628e1e4a5aed41e54a73c237', NULL, 19);
INSERT INTO `knowledge_document_line` (`uuid`, `handler`, `knowledge_document_id`, `knowledge_document_version_id`, `content_hash`, `config_hash`, `line_number`) VALUES ('79d595a2f8ea4590b1133e93768389e0', 'p', 933846831710210, 934030617722880, NULL, NULL, 14);
INSERT INTO `knowledge_document_line` (`uuid`, `handler`, `knowledge_document_id`, `knowledge_document_version_id`, `content_hash`, `config_hash`, `line_number`) VALUES ('7ad206c4c4d74488a7df29767699b835', 'p', 933860891017216, 933860891017217, NULL, NULL, 3);
INSERT INTO `knowledge_document_line` (`uuid`, `handler`, `knowledge_document_id`, `knowledge_document_version_id`, `content_hash`, `config_hash`, `line_number`) VALUES ('7c8e1315789b47b58fefb4d1687ca75e', 'p', 933860891017216, 933860891017217, '2f49826137cf3a6e9181ea228bd23d65', NULL, 2);
INSERT INTO `knowledge_document_line` (`uuid`, `handler`, `knowledge_document_id`, `knowledge_document_version_id`, `content_hash`, `config_hash`, `line_number`) VALUES ('7c95fa1fb30c4da6ab63c0db8d77678b', 'p', 933860891017216, 934030349287424, '90fc73195fd9e414d8005c10449a28f0', NULL, 18);
INSERT INTO `knowledge_document_line` (`uuid`, `handler`, `knowledge_document_id`, `knowledge_document_version_id`, `content_hash`, `config_hash`, `line_number`) VALUES ('7cc185a397884291a0dc42dbb1e615ba', 'p', 933843979583488, 934030684831744, '39cd1c6553a64814320e9f95eac7b1a9', NULL, 16);
INSERT INTO `knowledge_document_line` (`uuid`, `handler`, `knowledge_document_id`, `knowledge_document_version_id`, `content_hash`, `config_hash`, `line_number`) VALUES ('7cf4ceac956641c5a4c6f1e1e9b4d4ab', 'p', 933856562495488, 933856562495489, 'a35c26220840ab638bb6201423b14071', NULL, 2);
INSERT INTO `knowledge_document_line` (`uuid`, `handler`, `knowledge_document_id`, `knowledge_document_version_id`, `content_hash`, `config_hash`, `line_number`) VALUES ('7d2b9a71bb154612a3467931e28b6691', 'code', 933843979583488, 933843979583489, '6e375783c3c78f783ad891937765a1e2', '93b83f9f094246a72bac7f66ee56b28c', 15);
INSERT INTO `knowledge_document_line` (`uuid`, `handler`, `knowledge_document_id`, `knowledge_document_version_id`, `content_hash`, `config_hash`, `line_number`) VALUES ('7ec3e65e90fb41cc919254f049a5a4b9', 'p', 933846831710210, 933846831710211, NULL, NULL, 20);
INSERT INTO `knowledge_document_line` (`uuid`, `handler`, `knowledge_document_id`, `knowledge_document_version_id`, `content_hash`, `config_hash`, `line_number`) VALUES ('7f660db29e1e4a81aa9831fa400d1455', 'p', 933846831710210, 933846831710211, NULL, NULL, 18);
INSERT INTO `knowledge_document_line` (`uuid`, `handler`, `knowledge_document_id`, `knowledge_document_version_id`, `content_hash`, `config_hash`, `line_number`) VALUES ('8224eec01c114c45a1a618aae01aea27', 'p', 933860891017216, 933860891017217, 'f37e128e70a898104c4a93e2fd2a58b3', NULL, 14);
INSERT INTO `knowledge_document_line` (`uuid`, `handler`, `knowledge_document_id`, `knowledge_document_version_id`, `content_hash`, `config_hash`, `line_number`) VALUES ('86010aa70cec4fd8806a1c24f470ea7b', 'p', 933860891017216, 934030349287424, 'aa552ed0f58db87de5d9246b7fbfa51b', NULL, 8);
INSERT INTO `knowledge_document_line` (`uuid`, `handler`, `knowledge_document_id`, `knowledge_document_version_id`, `content_hash`, `config_hash`, `line_number`) VALUES ('861e8adb5627442e8a39e2a6f1e23b61', 'p', 933843979583488, 933843979583489, '190bae6dc693fe08615467289916a2e2', NULL, 18);
INSERT INTO `knowledge_document_line` (`uuid`, `handler`, `knowledge_document_id`, `knowledge_document_version_id`, `content_hash`, `config_hash`, `line_number`) VALUES ('87f37c2452f249a295167064b8aa76ec', 'p', 933843979583488, 933843979583489, NULL, NULL, 8);
INSERT INTO `knowledge_document_line` (`uuid`, `handler`, `knowledge_document_id`, `knowledge_document_version_id`, `content_hash`, `config_hash`, `line_number`) VALUES ('88287d7654084c4289b03fbd2821ca97', 'p', 933843979583488, 933843979583489, NULL, NULL, 17);
INSERT INTO `knowledge_document_line` (`uuid`, `handler`, `knowledge_document_id`, `knowledge_document_version_id`, `content_hash`, `config_hash`, `line_number`) VALUES ('88de9c0200c04c1fb0a1a394b53f8a36', 'p', 933846831710210, 934030617722880, '8d638d89c0da685f13ceca1a0d1e3f47', NULL, 7);
INSERT INTO `knowledge_document_line` (`uuid`, `handler`, `knowledge_document_id`, `knowledge_document_version_id`, `content_hash`, `config_hash`, `line_number`) VALUES ('89651fe501c547a68b13609c4019ed6e', 'p', 933860891017216, 933860891017217, NULL, NULL, 19);
INSERT INTO `knowledge_document_line` (`uuid`, `handler`, `knowledge_document_id`, `knowledge_document_version_id`, `content_hash`, `config_hash`, `line_number`) VALUES ('8a78373f0bb44b5292d5fc7072a9c10d', 'p', 933843979583488, 933843979583489, '348957a296f977d4bdf67a8fcd8fdc38', NULL, 1);
INSERT INTO `knowledge_document_line` (`uuid`, `handler`, `knowledge_document_id`, `knowledge_document_version_id`, `content_hash`, `config_hash`, `line_number`) VALUES ('8bc1ef701de548aeb0aeae0121009702', 'p', 933860891017216, 934030349287424, NULL, NULL, 9);
INSERT INTO `knowledge_document_line` (`uuid`, `handler`, `knowledge_document_id`, `knowledge_document_version_id`, `content_hash`, `config_hash`, `line_number`) VALUES ('8c0e3c0ff9d94135a33723f650571b19', 'p', 933856562495488, 933856562495489, '9a8194d9c9c5e5a481d37bcc9c64a7c3', NULL, 4);
INSERT INTO `knowledge_document_line` (`uuid`, `handler`, `knowledge_document_id`, `knowledge_document_version_id`, `content_hash`, `config_hash`, `line_number`) VALUES ('8d065ceff87e4f9b9ea48d656bca6561', 'p', 933846831710210, 933846831710211, NULL, NULL, 10);
INSERT INTO `knowledge_document_line` (`uuid`, `handler`, `knowledge_document_id`, `knowledge_document_version_id`, `content_hash`, `config_hash`, `line_number`) VALUES ('8e96caa2122147ed92c0bba662c922db', 'p', 933856562495488, 934030491893760, 'e935f1254f868f2619f8ac14a24c9020', NULL, 6);
INSERT INTO `knowledge_document_line` (`uuid`, `handler`, `knowledge_document_id`, `knowledge_document_version_id`, `content_hash`, `config_hash`, `line_number`) VALUES ('8f1f5167d1bd409e8e6e3864cce6eb4c', 'p', 933846831710210, 934030617722880, '65aa4600fd0d15a7ba35f97418ed5acd', NULL, 15);
INSERT INTO `knowledge_document_line` (`uuid`, `handler`, `knowledge_document_id`, `knowledge_document_version_id`, `content_hash`, `config_hash`, `line_number`) VALUES ('904a472a40f8435bab25d03333fdfb74', 'p', 933860891017216, 934030349287424, NULL, NULL, 21);
INSERT INTO `knowledge_document_line` (`uuid`, `handler`, `knowledge_document_id`, `knowledge_document_version_id`, `content_hash`, `config_hash`, `line_number`) VALUES ('9103b93f332548c1bbdf338b2261df80', 'p', 933860891017216, 933860891017217, 'f7ea9ed113b53a95c6ccbaaaee326421', NULL, 16);
INSERT INTO `knowledge_document_line` (`uuid`, `handler`, `knowledge_document_id`, `knowledge_document_version_id`, `content_hash`, `config_hash`, `line_number`) VALUES ('9144901b36f143ba96d0d6f4524ef6b7', 'p', 933843979583488, 933843979583489, '961b10e4dcbd69a35c605a0da68de4bb', NULL, 9);
INSERT INTO `knowledge_document_line` (`uuid`, `handler`, `knowledge_document_id`, `knowledge_document_version_id`, `content_hash`, `config_hash`, `line_number`) VALUES ('914ee048b4fc4a9c8e367bbdfea5ab25', 'p', 933856562495488, 933856562495489, '7c703c406b48e8b848186cf811ccd195', NULL, 7);
INSERT INTO `knowledge_document_line` (`uuid`, `handler`, `knowledge_document_id`, `knowledge_document_version_id`, `content_hash`, `config_hash`, `line_number`) VALUES ('9353bbe9b826423d9578bb5f2148502c', 'p', 933846831710210, 933846831710211, NULL, NULL, 16);
INSERT INTO `knowledge_document_line` (`uuid`, `handler`, `knowledge_document_id`, `knowledge_document_version_id`, `content_hash`, `config_hash`, `line_number`) VALUES ('937475c1595441a6bef64dad8c7e324b', 'p', 933860891017216, 934030349287424, NULL, NULL, 7);
INSERT INTO `knowledge_document_line` (`uuid`, `handler`, `knowledge_document_id`, `knowledge_document_version_id`, `content_hash`, `config_hash`, `line_number`) VALUES ('951aa1f015b549b9acaa4c8b72289523', 'p', 933856562495488, 934030491893760, 'bdb671beeb68bd4183afdfd9921df68b', NULL, 11);
INSERT INTO `knowledge_document_line` (`uuid`, `handler`, `knowledge_document_id`, `knowledge_document_version_id`, `content_hash`, `config_hash`, `line_number`) VALUES ('9626286158be4664b089ee654037bec5', 'p', 933856562495488, 934030491893760, '53acf2a72eef84ad01a359c4c52711a9', NULL, 9);
INSERT INTO `knowledge_document_line` (`uuid`, `handler`, `knowledge_document_id`, `knowledge_document_version_id`, `content_hash`, `config_hash`, `line_number`) VALUES ('9a2dcab2fe284e99bfcb3daa482f845c', 'p', 933846831710210, 934030617722880, NULL, NULL, 2);
INSERT INTO `knowledge_document_line` (`uuid`, `handler`, `knowledge_document_id`, `knowledge_document_version_id`, `content_hash`, `config_hash`, `line_number`) VALUES ('9aec0f9bd5d0428c8cd4bb4bae4bc545', 'p', 933843979583488, 934030684831744, '961b10e4dcbd69a35c605a0da68de4bb', NULL, 9);
INSERT INTO `knowledge_document_line` (`uuid`, `handler`, `knowledge_document_id`, `knowledge_document_version_id`, `content_hash`, `config_hash`, `line_number`) VALUES ('9c910620d7d64049a2ee0d1b74338538', 'p', 933843979583488, 934030684831744, '190bae6dc693fe08615467289916a2e2', NULL, 18);
INSERT INTO `knowledge_document_line` (`uuid`, `handler`, `knowledge_document_id`, `knowledge_document_version_id`, `content_hash`, `config_hash`, `line_number`) VALUES ('9ca6f9fd9c0b450b87340d33bf933ab8', 'p', 933843979583488, 934030684831744, 'b7005da65eb9f4cb9caa24bf205538ec', NULL, 13);
INSERT INTO `knowledge_document_line` (`uuid`, `handler`, `knowledge_document_id`, `knowledge_document_version_id`, `content_hash`, `config_hash`, `line_number`) VALUES ('9d8050b6c0fa45c59c66f5777887a6d0', 'p', 933846831710210, 933846831710211, NULL, NULL, 14);
INSERT INTO `knowledge_document_line` (`uuid`, `handler`, `knowledge_document_id`, `knowledge_document_version_id`, `content_hash`, `config_hash`, `line_number`) VALUES ('9da08222f9bc4d389a866f39afe85a09', 'p', 933860891017216, 933860891017217, NULL, NULL, 21);
INSERT INTO `knowledge_document_line` (`uuid`, `handler`, `knowledge_document_id`, `knowledge_document_version_id`, `content_hash`, `config_hash`, `line_number`) VALUES ('9e7ab9b157aa4f0fbf8ebd8bba9203ff', 'p', 933856042401792, 934030550614016, NULL, NULL, 2);
INSERT INTO `knowledge_document_line` (`uuid`, `handler`, `knowledge_document_id`, `knowledge_document_version_id`, `content_hash`, `config_hash`, `line_number`) VALUES ('a1068bb56eff4751b11f2f650db3c05c', 'h1', 933856562495488, 934030491893760, 'c65b095b7b1ce862f6d56c1a20887fdd', NULL, 5);
INSERT INTO `knowledge_document_line` (`uuid`, `handler`, `knowledge_document_id`, `knowledge_document_version_id`, `content_hash`, `config_hash`, `line_number`) VALUES ('a1f4a4a442d54a28ad4a4ffe1a41c00f', 'p', 933843979583488, 934030684831744, '7e4487a202cf101da4c094ce5b6b4ebc', NULL, 7);
INSERT INTO `knowledge_document_line` (`uuid`, `handler`, `knowledge_document_id`, `knowledge_document_version_id`, `content_hash`, `config_hash`, `line_number`) VALUES ('a278f966524142ab9f96e7dab62a9bba', 'p', 933846831710210, 934030617722880, '7c9b7ccd054018705928ec302f425b56', NULL, 5);
INSERT INTO `knowledge_document_line` (`uuid`, `handler`, `knowledge_document_id`, `knowledge_document_version_id`, `content_hash`, `config_hash`, `line_number`) VALUES ('a2f9cba85c1c446eaa95d605bf3cdb07', 'p', 933860891017216, 934030349287424, NULL, NULL, 15);
INSERT INTO `knowledge_document_line` (`uuid`, `handler`, `knowledge_document_id`, `knowledge_document_version_id`, `content_hash`, `config_hash`, `line_number`) VALUES ('a556184e0da54983913d856020175343', 'h1', 933856562495488, 933856562495489, '957a228f87aaf86e436762129485625a', NULL, 3);
INSERT INTO `knowledge_document_line` (`uuid`, `handler`, `knowledge_document_id`, `knowledge_document_version_id`, `content_hash`, `config_hash`, `line_number`) VALUES ('a65cca93457f44a8a94d36e6a381ac29', 'p', 933843979583488, 934030684831744, NULL, NULL, 6);
INSERT INTO `knowledge_document_line` (`uuid`, `handler`, `knowledge_document_id`, `knowledge_document_version_id`, `content_hash`, `config_hash`, `line_number`) VALUES ('a83acb68f529470f8c7354fd2b74cb0c', 'p', 933860891017216, 933860891017217, 'c68aa235f988dbab14b9f66d9f11737a', NULL, 22);
INSERT INTO `knowledge_document_line` (`uuid`, `handler`, `knowledge_document_id`, `knowledge_document_version_id`, `content_hash`, `config_hash`, `line_number`) VALUES ('a9a3883dee8d4ab4b7c81b2b1e7a0ad7', 'p', 933856042401792, 934030550614016, '5d98fd89d6979fd96d22996e7d4b4a35', NULL, 3);
INSERT INTO `knowledge_document_line` (`uuid`, `handler`, `knowledge_document_id`, `knowledge_document_version_id`, `content_hash`, `config_hash`, `line_number`) VALUES ('a9fbf16cbb1a4d8397e30b7110856f90', 'h1', 933856562495488, 934030491893760, '957a228f87aaf86e436762129485625a', NULL, 3);
INSERT INTO `knowledge_document_line` (`uuid`, `handler`, `knowledge_document_id`, `knowledge_document_version_id`, `content_hash`, `config_hash`, `line_number`) VALUES ('ae2a370328734180a5f5e0205da56ed1', 'p', 933860891017216, 933860891017217, 'af3f3757a2ce83658eb0ed829f64f3e9', NULL, 12);
INSERT INTO `knowledge_document_line` (`uuid`, `handler`, `knowledge_document_id`, `knowledge_document_version_id`, `content_hash`, `config_hash`, `line_number`) VALUES ('b1b5505e20aa4746be6df7fff3fc1187', 'p', 933843979583488, 933843979583489, NULL, NULL, 10);
INSERT INTO `knowledge_document_line` (`uuid`, `handler`, `knowledge_document_id`, `knowledge_document_version_id`, `content_hash`, `config_hash`, `line_number`) VALUES ('b1e65420f3be40f2b34fe2f914586ae7', 'p', 933846831710210, 933846831710211, '65aa4600fd0d15a7ba35f97418ed5acd', NULL, 15);
INSERT INTO `knowledge_document_line` (`uuid`, `handler`, `knowledge_document_id`, `knowledge_document_version_id`, `content_hash`, `config_hash`, `line_number`) VALUES ('b557e112699045b08c43c0b657a2a591', 'p', 933856562495488, 933856562495489, 'ea034fa6b6d30206491a117c05d7d462', NULL, 8);
INSERT INTO `knowledge_document_line` (`uuid`, `handler`, `knowledge_document_id`, `knowledge_document_version_id`, `content_hash`, `config_hash`, `line_number`) VALUES ('b5e071f406ce45e2b1f84aee938cd78b', 'p', 933856562495488, 934030491893760, '3d01952dc2dad8d5efe7c76602fcca3b', NULL, 12);
INSERT INTO `knowledge_document_line` (`uuid`, `handler`, `knowledge_document_id`, `knowledge_document_version_id`, `content_hash`, `config_hash`, `line_number`) VALUES ('b8312b22c2944158a75a15d8b9503125', 'p', 933843979583488, 933843979583489, '7e4487a202cf101da4c094ce5b6b4ebc', NULL, 7);
INSERT INTO `knowledge_document_line` (`uuid`, `handler`, `knowledge_document_id`, `knowledge_document_version_id`, `content_hash`, `config_hash`, `line_number`) VALUES ('ba6104c2d3a041eb9919a0538ab5b5ed', 'p', 933846831710210, 933846831710211, NULL, NULL, 12);
INSERT INTO `knowledge_document_line` (`uuid`, `handler`, `knowledge_document_id`, `knowledge_document_version_id`, `content_hash`, `config_hash`, `line_number`) VALUES ('bbd83949c68548c28eaa73f17741240a', 'p', 933860891017216, 933860891017217, 'cda2f704ff1bd4079417768c74201afe', NULL, 10);
INSERT INTO `knowledge_document_line` (`uuid`, `handler`, `knowledge_document_id`, `knowledge_document_version_id`, `content_hash`, `config_hash`, `line_number`) VALUES ('be6f02b727b44e1db4991b9f500d4d05', 'p', 933860891017216, 933860891017217, NULL, NULL, 7);
INSERT INTO `knowledge_document_line` (`uuid`, `handler`, `knowledge_document_id`, `knowledge_document_version_id`, `content_hash`, `config_hash`, `line_number`) VALUES ('c60abda09f3946c1829635b4c1728578', 'p', 933846831710210, 934030617722880, 'be224e4f555f43d6c6e91586c7b4487f', NULL, 11);
INSERT INTO `knowledge_document_line` (`uuid`, `handler`, `knowledge_document_id`, `knowledge_document_version_id`, `content_hash`, `config_hash`, `line_number`) VALUES ('c6d560bd6c514ff3b83cbdb358f348c5', 'p', 933846831710210, 933846831710211, '8b0f0ea73162b7552dda3c149b6c045d', NULL, 22);
INSERT INTO `knowledge_document_line` (`uuid`, `handler`, `knowledge_document_id`, `knowledge_document_version_id`, `content_hash`, `config_hash`, `line_number`) VALUES ('c7b40e1db481412994071373d1e2c5a4', 'p', 933856042401792, 933856042401793, 'ec15eb4fa398fcd88b1048c629cc5098', NULL, 1);
INSERT INTO `knowledge_document_line` (`uuid`, `handler`, `knowledge_document_id`, `knowledge_document_version_id`, `content_hash`, `config_hash`, `line_number`) VALUES ('c8c5b1cc43144bb1b5460e98cebbf1c8', 'p', 933843979583488, 934030684831744, NULL, NULL, 2);
INSERT INTO `knowledge_document_line` (`uuid`, `handler`, `knowledge_document_id`, `knowledge_document_version_id`, `content_hash`, `config_hash`, `line_number`) VALUES ('c8fd755ab6b8410ab13284b69ba3834f', 'p', 933856562495488, 934030491893760, '7c703c406b48e8b848186cf811ccd195', NULL, 7);
INSERT INTO `knowledge_document_line` (`uuid`, `handler`, `knowledge_document_id`, `knowledge_document_version_id`, `content_hash`, `config_hash`, `line_number`) VALUES ('cebc3fb11ab042709621496d72b96844', 'p', 933846831710210, 934030617722880, NULL, NULL, 8);
INSERT INTO `knowledge_document_line` (`uuid`, `handler`, `knowledge_document_id`, `knowledge_document_version_id`, `content_hash`, `config_hash`, `line_number`) VALUES ('cf48dfeab8ed468c9f4d4e7e878a559b', 'p', 933843979583488, 934030684831744, NULL, NULL, 14);
INSERT INTO `knowledge_document_line` (`uuid`, `handler`, `knowledge_document_id`, `knowledge_document_version_id`, `content_hash`, `config_hash`, `line_number`) VALUES ('d2dc3adcee084566a421228424d62ce3', 'p', 933843979583488, 933843979583489, '8b0f0ea73162b7552dda3c149b6c045d', NULL, 4);
INSERT INTO `knowledge_document_line` (`uuid`, `handler`, `knowledge_document_id`, `knowledge_document_version_id`, `content_hash`, `config_hash`, `line_number`) VALUES ('d531d175a78b4d0389d45f741e83a525', 'p', 933846831710210, 933846831710211, '8d638d89c0da685f13ceca1a0d1e3f47', NULL, 7);
INSERT INTO `knowledge_document_line` (`uuid`, `handler`, `knowledge_document_id`, `knowledge_document_version_id`, `content_hash`, `config_hash`, `line_number`) VALUES ('d6580947df6b4fcb95c9af55789dbdc7', 'p', 933860891017216, 933860891017217, NULL, NULL, 5);
INSERT INTO `knowledge_document_line` (`uuid`, `handler`, `knowledge_document_id`, `knowledge_document_version_id`, `content_hash`, `config_hash`, `line_number`) VALUES ('d7551790851a4a9a96b689da61ed4eda', 'p', 933846831710210, 934030617722880, 'f96c401fb52bd604fe51a97b1e49ca36', NULL, 9);
INSERT INTO `knowledge_document_line` (`uuid`, `handler`, `knowledge_document_id`, `knowledge_document_version_id`, `content_hash`, `config_hash`, `line_number`) VALUES ('d7ee471858c4481eadeb9643650b289f', 'p', 933843979583488, 933843979583489, NULL, NULL, 6);
INSERT INTO `knowledge_document_line` (`uuid`, `handler`, `knowledge_document_id`, `knowledge_document_version_id`, `content_hash`, `config_hash`, `line_number`) VALUES ('d898a8bdfd104702bce1594bda52037d', 'p', 933843979583488, 933843979583489, NULL, NULL, 2);
INSERT INTO `knowledge_document_line` (`uuid`, `handler`, `knowledge_document_id`, `knowledge_document_version_id`, `content_hash`, `config_hash`, `line_number`) VALUES ('d9706b1c8ee544469c1fb7343598b383', 'h1', 933856562495488, 933856562495489, 'c65b095b7b1ce862f6d56c1a20887fdd', NULL, 5);
INSERT INTO `knowledge_document_line` (`uuid`, `handler`, `knowledge_document_id`, `knowledge_document_version_id`, `content_hash`, `config_hash`, `line_number`) VALUES ('db135075b5754804a8ae204a83156a84', 'p', 933846831710210, 934030617722880, NULL, NULL, 6);
INSERT INTO `knowledge_document_line` (`uuid`, `handler`, `knowledge_document_id`, `knowledge_document_version_id`, `content_hash`, `config_hash`, `line_number`) VALUES ('dc7b133a97c54696b057169f233afcbb', 'p', 933860891017216, 934030349287424, 'c68aa235f988dbab14b9f66d9f11737a', NULL, 22);
INSERT INTO `knowledge_document_line` (`uuid`, `handler`, `knowledge_document_id`, `knowledge_document_version_id`, `content_hash`, `config_hash`, `line_number`) VALUES ('e00fe67688b8433da94ec756623d3b92', 'p', 933860891017216, 934030349287424, NULL, NULL, 5);
INSERT INTO `knowledge_document_line` (`uuid`, `handler`, `knowledge_document_id`, `knowledge_document_version_id`, `content_hash`, `config_hash`, `line_number`) VALUES ('e05398969fa74db3b529cea35a50c67f', 'p', 933860891017216, 934030349287424, 'f37e128e70a898104c4a93e2fd2a58b3', NULL, 14);
INSERT INTO `knowledge_document_line` (`uuid`, `handler`, `knowledge_document_id`, `knowledge_document_version_id`, `content_hash`, `config_hash`, `line_number`) VALUES ('e2ac054d0b064ff4a6d1d4f9f27c58bb', 'code', 933843979583488, 934030684831744, '6e375783c3c78f783ad891937765a1e2', '93b83f9f094246a72bac7f66ee56b28c', 15);
INSERT INTO `knowledge_document_line` (`uuid`, `handler`, `knowledge_document_id`, `knowledge_document_version_id`, `content_hash`, `config_hash`, `line_number`) VALUES ('e53551d9410f4fafa8a7ddf5eae2f8bf', 'p', 933860891017216, 934030349287424, NULL, NULL, 11);
INSERT INTO `knowledge_document_line` (`uuid`, `handler`, `knowledge_document_id`, `knowledge_document_version_id`, `content_hash`, `config_hash`, `line_number`) VALUES ('ea218962ba0146eb9366ac28ae5073dc', 'p', 933860891017216, 934030349287424, 'af3f3757a2ce83658eb0ed829f64f3e9', NULL, 12);
INSERT INTO `knowledge_document_line` (`uuid`, `handler`, `knowledge_document_id`, `knowledge_document_version_id`, `content_hash`, `config_hash`, `line_number`) VALUES ('ece4621fd60a4a009c8337aa5a8e31f9', 'p', 933860891017216, 934030349287424, '8b0f0ea73162b7552dda3c149b6c045d', NULL, 1);
INSERT INTO `knowledge_document_line` (`uuid`, `handler`, `knowledge_document_id`, `knowledge_document_version_id`, `content_hash`, `config_hash`, `line_number`) VALUES ('edfcd14da8194d3e8650c9721c67e352', 'p', 933846831710210, 933846831710211, '06efbb7369057b71176a9a7436bcd70e', NULL, 3);
INSERT INTO `knowledge_document_line` (`uuid`, `handler`, `knowledge_document_id`, `knowledge_document_version_id`, `content_hash`, `config_hash`, `line_number`) VALUES ('eec8ec4db04c4c5dbdf1999eb826cf75', 'p', 933860891017216, 933860891017217, '8b0f0ea73162b7552dda3c149b6c045d', NULL, 1);
INSERT INTO `knowledge_document_line` (`uuid`, `handler`, `knowledge_document_id`, `knowledge_document_version_id`, `content_hash`, `config_hash`, `line_number`) VALUES ('ef853be495ca4e9aa3bef2ac5d90b403', 'p', 933846831710210, 934030617722880, '79f844120496cf0e8e3b69c04f2fced0', NULL, 21);
INSERT INTO `knowledge_document_line` (`uuid`, `handler`, `knowledge_document_id`, `knowledge_document_version_id`, `content_hash`, `config_hash`, `line_number`) VALUES ('ef9e0222828541288f0dddd8a8ed9b13', 'p', 933843979583488, 934030684831744, '348957a296f977d4bdf67a8fcd8fdc38', NULL, 1);
INSERT INTO `knowledge_document_line` (`uuid`, `handler`, `knowledge_document_id`, `knowledge_document_version_id`, `content_hash`, `config_hash`, `line_number`) VALUES ('f0453e2c0bc24c42908f5ffe0eeb6deb', 'p', 933846831710210, 933846831710211, '1d22d2948f8f2b5f8189f0f63b417e04', NULL, 1);
INSERT INTO `knowledge_document_line` (`uuid`, `handler`, `knowledge_document_id`, `knowledge_document_version_id`, `content_hash`, `config_hash`, `line_number`) VALUES ('f35924ab27a5484b9e81e8d249431e68', 'p', 933856562495488, 933856562495489, 'bdb671beeb68bd4183afdfd9921df68b', NULL, 11);
INSERT INTO `knowledge_document_line` (`uuid`, `handler`, `knowledge_document_id`, `knowledge_document_version_id`, `content_hash`, `config_hash`, `line_number`) VALUES ('f4c9fe282ae94106a3a0af9fc3c94531', 'p', 933843979583488, 933843979583489, '99ea70f0362367492e514493cb8371ff', NULL, 11);
INSERT INTO `knowledge_document_line` (`uuid`, `handler`, `knowledge_document_id`, `knowledge_document_version_id`, `content_hash`, `config_hash`, `line_number`) VALUES ('f792d3b1c5c54a32b818892e93685e15', 'p', 933843979583488, 933843979583489, '39cd1c6553a64814320e9f95eac7b1a9', NULL, 16);
INSERT INTO `knowledge_document_line` (`uuid`, `handler`, `knowledge_document_id`, `knowledge_document_version_id`, `content_hash`, `config_hash`, `line_number`) VALUES ('f7dfdf8a73254ffba1d5c1ece628d9a9', 'p', 933846831710210, 934030617722880, 'fbe81a18628e1e4a5aed41e54a73c237', NULL, 19);
INSERT INTO `knowledge_document_line` (`uuid`, `handler`, `knowledge_document_id`, `knowledge_document_version_id`, `content_hash`, `config_hash`, `line_number`) VALUES ('f82c7ea9afb14625bc45a1ee207f6b81', 'p', 933846831710210, 934030617722880, NULL, NULL, 16);
INSERT INTO `knowledge_document_line` (`uuid`, `handler`, `knowledge_document_id`, `knowledge_document_version_id`, `content_hash`, `config_hash`, `line_number`) VALUES ('f88506d1d37d46f9bc45ce3d863bd646', 'p', 933856042401792, 933856042401793, '5d98fd89d6979fd96d22996e7d4b4a35', NULL, 3);
INSERT INTO `knowledge_document_line` (`uuid`, `handler`, `knowledge_document_id`, `knowledge_document_version_id`, `content_hash`, `config_hash`, `line_number`) VALUES ('f8dbc0c131034c18abec70d427762d70', 'p', 933846831710210, 934030617722880, '06efbb7369057b71176a9a7436bcd70e', NULL, 3);
INSERT INTO `knowledge_document_line` (`uuid`, `handler`, `knowledge_document_id`, `knowledge_document_version_id`, `content_hash`, `config_hash`, `line_number`) VALUES ('fa4292ef761c4316903fa143daa8669d', 'p', 933846831710210, 933846831710211, NULL, NULL, 6);
INSERT INTO `knowledge_document_line` (`uuid`, `handler`, `knowledge_document_id`, `knowledge_document_version_id`, `content_hash`, `config_hash`, `line_number`) VALUES ('fb2ea6d1d4de42e2ad8bb795635f0754', 'p', 933843979583488, 934030684831744, '606e2fb79e4978aa92b06ed5a038e48b', NULL, 3);

-- ----------------------------
-- Records of knowledge_document_line_config
-- ----------------------------
INSERT INTO `knowledge_document_line_config` (`hash`, `config`) VALUES ('93b83f9f094246a72bac7f66ee56b28c', '{\"codeMode\":\"text/javascript\",\"value\":\" git --version\"}');

-- ----------------------------
-- Records of knowledge_document_line_content
-- ----------------------------
INSERT INTO `knowledge_document_line_content` (`hash`, `content`) VALUES ('06efbb7369057b71176a9a7436bcd70e', '1. 确认故障：首先，确认系统确实出现了故障。这可以通过监控、用户报告或系统警报来发现。确保对故障进行准确的识别和描述。');
INSERT INTO `knowledge_document_line_content` (`hash`, `content`) VALUES ('190bae6dc693fe08615467289916a2e2', '现在您已经成功安装了Git，可以在终端或命令提示符下使用Git命令来进行版本管理、代码提交等操作。请注意，在使用Git之前，您可能需要进行一些配置，例如设置用户名和邮箱等，以便能够正确地进行代码提交。您可以通过Git的文档和教程来了解更多关于使用Git的信息。');
INSERT INTO `knowledge_document_line_content` (`hash`, `content`) VALUES ('1d22d2948f8f2b5f8189f0f63b417e04', '处理业务系统故障需要经过一系列步骤，以便快速恢复系统正常运行并减少对业务的影响:');
INSERT INTO `knowledge_document_line_content` (`hash`, `content`) VALUES ('2e7434be0f2b1c558ac981f7f2f57c03', '2. 版本控制：通过版本控制系统（如Git）管理和跟踪发布的代码和文件。确保每个发布版本都有唯一的版本号和标识符。');
INSERT INTO `knowledge_document_line_content` (`hash`, `content`) VALUES ('2f49826137cf3a6e9181ea228bd23d65', '1. 需求确认和计划：确定发布的内容、时间表和目标，并与相关利益相关者进行确认和沟通。');
INSERT INTO `knowledge_document_line_content` (`hash`, `content`) VALUES ('348957a296f977d4bdf67a8fcd8fdc38', '可以按照以下步骤在您的计算机上进行操作：');
INSERT INTO `knowledge_document_line_content` (`hash`, `content`) VALUES ('3854b6cadf4217c55a9a8d1ac26bf309', '3. 构建和打包：将代码和文件构建为可执行的软件包或安装程序。这可能涉及编译代码、进行连续集成和自动化构建等操作。');
INSERT INTO `knowledge_document_line_content` (`hash`, `content`) VALUES ('39cd1c6553a64814320e9f95eac7b1a9', '<span style=\"text-indent: 2em;\">如果Git被成功安装，将会显示Git的版本信息。</span><br>');
INSERT INTO `knowledge_document_line_content` (`hash`, `content`) VALUES ('3d01952dc2dad8d5efe7c76602fcca3b', '那也要先调用InputStream.available()方法得知数据流中有多少数据可以读取。');
INSERT INTO `knowledge_document_line_content` (`hash`, `content`) VALUES ('4fa85b1bceb7812a30c8ba2b602ad10c', '踩的坑');
INSERT INTO `knowledge_document_line_content` (`hash`, `content`) VALUES ('53acf2a72eef84ad01a359c4c52711a9', '尤其是在网络传输的情况下，基本不可能read一次就将全部数据写入array。 ');
INSERT INTO `knowledge_document_line_content` (`hash`, `content`) VALUES ('548969834a5791029454e3df12c26ea3', '6. 解决方案制定：基于故障分析的结果，制定解决方案。这可能需要修复代码、重新配置系统、更新软件版本等。确定解决方案后，考虑其对业务的影响和风险。');
INSERT INTO `knowledge_document_line_content` (`hash`, `content`) VALUES ('5d98fd89d6979fd96d22996e7d4b4a35', 'taskkill  /pid  3664 /f  （这里的3664对应第一行结果的的3664）');
INSERT INTO `knowledge_document_line_content` (`hash`, `content`) VALUES ('5dd4ec92c69f3a852d17ca670b4126e4', '尤其是在网络传输的情况下，基本不可能read一次就将全部数据写入array。');
INSERT INTO `knowledge_document_line_content` (`hash`, `content`) VALUES ('5df66ce145ac4582e44b2847dd149124', '2. 在官方网站上下载适用于您操作系统的Git安装包。Git支持Windows、Mac和Linux操作系统。');
INSERT INTO `knowledge_document_line_content` (`hash`, `content`) VALUES ('606e2fb79e4978aa92b06ed5a038e48b', '1. 访问Git官方网站：https://git-scm.com/。');
INSERT INTO `knowledge_document_line_content` (`hash`, `content`) VALUES ('65aa4600fd0d15a7ba35f97418ed5acd', '7. 执行解决方案：根据制定的解决方案，执行相应的操作以修复故障。确保在执行前进行适当的备份和风险评估。对于重大故障，可能需要执行回滚操作以恢复系统到之前的状态。');
INSERT INTO `knowledge_document_line_content` (`hash`, `content`) VALUES ('6e375783c3c78f783ad891937765a1e2', ' git --version');
INSERT INTO `knowledge_document_line_content` (`hash`, `content`) VALUES ('79f844120496cf0e8e3b69c04f2fced0', '10. 故障总结和改进：总结故障处理的经验和教训，记录下重要的观察和改进点。这有助于未来避免类似故障的发生，并提升系统的稳定性和可靠性。');
INSERT INTO `knowledge_document_line_content` (`hash`, `content`) VALUES ('7c703c406b48e8b848186cf811ccd195', '也就是说，即使arry数组定义了1024的长度，且输入流的数据长度理论上远大于1024，');
INSERT INTO `knowledge_document_line_content` (`hash`, `content`) VALUES ('7c9b7ccd054018705928ec302f425b56', '2. 故障记录：将故障信息记录下来，包括故障发生时间、影响范围、错误信息等。这有助于后续分析和解决问题。');
INSERT INTO `knowledge_document_line_content` (`hash`, `content`) VALUES ('7e4487a202cf101da4c094ce5b6b4ebc', '3. 选择正确的安装包后，下载并运行安装程序。');
INSERT INTO `knowledge_document_line_content` (`hash`, `content`) VALUES ('7fc77db65124152744988249de512c04', '8. 测试和验证：在修复故障后，进行必要的测试和验证，以确保系统已经成功恢复正常运行。这涉及功能测试、性能测试、回归测试等。');
INSERT INTO `knowledge_document_line_content` (`hash`, `content`) VALUES ('8b0f0ea73162b7552dda3c149b6c045d', '<br>');
INSERT INTO `knowledge_document_line_content` (`hash`, `content`) VALUES ('8d638d89c0da685f13ceca1a0d1e3f47', '3. 通知相关人员：及时通知相关的人员或团队，包括系统管理员、开发人员、运维团队等。确保故障得到足够的关注和处理。');
INSERT INTO `knowledge_document_line_content` (`hash`, `content`) VALUES ('90fc73195fd9e414d8005c10449a28f0', '9. 回滚和恢复：如果在发布后出现问题，需要有回滚和恢复机制。这可以是预先定义的自动回滚脚本或手动操作，以恢复到之前的稳定状态。');
INSERT INTO `knowledge_document_line_content` (`hash`, `content`) VALUES ('957a228f87aaf86e436762129485625a', '解决方法');
INSERT INTO `knowledge_document_line_content` (`hash`, `content`) VALUES ('961b10e4dcbd69a35c605a0da68de4bb', '4. 在安装向导中，您可以选择安装路径、组件和其他设置。您可以根据需要进行适当的选择，也可以保留默认设置。');
INSERT INTO `knowledge_document_line_content` (`hash`, `content`) VALUES ('99ea70f0362367492e514493cb8371ff', '5. 完成安装后，打开终端（对于Windows系统，打开Git Bash终端）或命令提示符。');
INSERT INTO `knowledge_document_line_content` (`hash`, `content`) VALUES ('9a8194d9c9c5e5a481d37bcc9c64a7c3', '使用read(byte[])循环读取，以实际读取到的字节数为准，读到文件尾。');
INSERT INTO `knowledge_document_line_content` (`hash`, `content`) VALUES ('a35c26220840ab638bb6201423b14071', 'apimanage/audit/detail/get接口中，企图使用read(byte[])方法，一次将inputstream中的数据读取出来，结果从minio读取时，大部分情况下都无法一次读取完整。 <br>');
INSERT INTO `knowledge_document_line_content` (`hash`, `content`) VALUES ('a6c49776c551997ceb62cfce528938a6', '因为网络数据往往是分段传输，故需要循环read，根据每次读取到的实际字节数来判断是否读完。');
INSERT INTO `knowledge_document_line_content` (`hash`, `content`) VALUES ('aa552ed0f58db87de5d9246b7fbfa51b', '4. 测试和质量保证：在发布之前进行必要的测试，包括单元测试、集成测试、系统测试等，以确保发布的质量和稳定性。');
INSERT INTO `knowledge_document_line_content` (`hash`, `content`) VALUES ('af3f3757a2ce83658eb0ed829f64f3e9', '6. 数据迁移和兼容性：如果发布涉及数据库或数据迁移，确保数据的安全迁移和兼容性。执行必要的备份和还原操作，以便在需要时进行回滚。');
INSERT INTO `knowledge_document_line_content` (`hash`, `content`) VALUES ('b7005da65eb9f4cb9caa24bf205538ec', '6. 输入以下命令来验证Git是否安装成功：');
INSERT INTO `knowledge_document_line_content` (`hash`, `content`) VALUES ('bdb671beeb68bd4183afdfd9921df68b', '经过测试，从本地文件读取时，一次read就可以全部读取完毕，然而还是不建议这样做，即便需要这样做，');
INSERT INTO `knowledge_document_line_content` (`hash`, `content`) VALUES ('be224e4f555f43d6c6e91586c7b4487f', '5. 故障分析：对故障进行分析，找出导致故障的根本原因。这可能需要查看日志、分析代码、调试系统等操作。目标是尽快找出故障的原因，以便制定解决方案。');
INSERT INTO `knowledge_document_line_content` (`hash`, `content`) VALUES ('c65b095b7b1ce862f6d56c1a20887fdd', '反思');
INSERT INTO `knowledge_document_line_content` (`hash`, `content`) VALUES ('c68aa235f988dbab14b9f66d9f11737a', '11. 记录和评估：记录发布的详细信息，包括版本号、发布时间、问题反馈等。对发布过程进行评估和总结，并提出改进建议。');
INSERT INTO `knowledge_document_line_content` (`hash`, `content`) VALUES ('cda2f704ff1bd4079417768c74201afe', '5. 部署和配置：将构建的软件包或安装程序部署到目标环境中，并进行必要的配置和设置。这可能涉及服务器配置、数据库连接、环境变量设置等操作。');
INSERT INTO `knowledge_document_line_content` (`hash`, `content`) VALUES ('dd6963109b3fb0a6c57807935efcc567', '10. 通知和沟通：在发布完成后，及时通知利益相关者和用户，并提供必要的文档和支持。根据组织规范，可能需要发布公告或更新文档。');
INSERT INTO `knowledge_document_line_content` (`hash`, `content`) VALUES ('e935f1254f868f2619f8ac14a24c9020', 'read(byte[] array)方法并不能保证实际读取的字节数量，');
INSERT INTO `knowledge_document_line_content` (`hash`, `content`) VALUES ('ea034fa6b6d30206491a117c05d7d462', '然而read一次后，array数组也不一定会被写满，');
INSERT INTO `knowledge_document_line_content` (`hash`, `content`) VALUES ('ec15eb4fa398fcd88b1048c629cc5098', 'netstat   -ano|findstr  8005 （什么端口号被占用就输入什么端口号） \n');
INSERT INTO `knowledge_document_line_content` (`hash`, `content`) VALUES ('f37e128e70a898104c4a93e2fd2a58b3', '7. 验收测试和审批：在部署完成后，进行验收测试以确保发布的功能完整性和一致性。根据组织规范，可能需要相关利益相关者的审批和签署。');
INSERT INTO `knowledge_document_line_content` (`hash`, `content`) VALUES ('f7ea9ed113b53a95c6ccbaaaee326421', '8. 发布到生产环境：在确保所有前期准备都已完成后，将软件包或安装程序发布到生产环境中。确保进行适当的监控和日志记录，以便及时发现问题并采取必要的措施。');
INSERT INTO `knowledge_document_line_content` (`hash`, `content`) VALUES ('f96c401fb52bd604fe51a97b1e49ca36', '4. 隔离故障：如果可能，尽快隔离故障以减少其对系统其他部分的影响。这可能涉及停止相关服务、断开网络连接等操作。');
INSERT INTO `knowledge_document_line_content` (`hash`, `content`) VALUES ('fbe81a18628e1e4a5aed41e54a73c237', '9. 通知用户和相关方：如果故障对用户或相关方造成了影响，及时与他们进行沟通，提供解释、道歉和补救措施。');

-- ----------------------------
-- Records of knowledge_document_tag
-- ----------------------------

-- ----------------------------
-- Records of knowledge_document_type
-- ----------------------------
INSERT INTO `knowledge_document_type` (`uuid`, `name`, `knowledge_circle_id`, `parent_uuid`, `lft`, `rht`, `sort`) VALUES ('171f3120dc86419aad858aac9d6e4bc4', '研发技能', 933842217975808, '0', 4, 5, 1);
INSERT INTO `knowledge_document_type` (`uuid`, `name`, `knowledge_circle_id`, `parent_uuid`, `lft`, `rht`, `sort`) VALUES ('1ae38c72d90040518b6967f4d0864963', '研发工具', 933842217975808, '0', 2, 3, 0);
INSERT INTO `knowledge_document_type` (`uuid`, `name`, `knowledge_circle_id`, `parent_uuid`, `lft`, `rht`, `sort`) VALUES ('4e879be8d8404ff09a61db59da78f9a5', '发布规范', 933859674669056, '0', 2, 3, 0);
INSERT INTO `knowledge_document_type` (`uuid`, `name`, `knowledge_circle_id`, `parent_uuid`, `lft`, `rht`, `sort`) VALUES ('b56b6d09030f47589a9c49a8b0ead8f4', '业务系统', 933844977827840, '0', 2, 3, 0);

-- ----------------------------
-- Records of knowledge_document_version
-- ----------------------------
INSERT INTO `knowledge_document_version` (`id`, `title`, `knowledge_document_type_uuid`, `knowledge_document_id`, `from_version`, `version`, `status`, `lcu`, `lcd`, `size`, `reviewer`, `review_time`, `is_delete`) VALUES (933843979583489, 'git安装', '1ae38c72d90040518b6967f4d0864963', 933843979583488, 0, 1, 'passed', '6e6fd7feadc7469592047184919c8b4c', '2023-07-12 11:01:05.714', 1077, '6e6fd7feadc7469592047184919c8b4c', '2023-07-12 11:01:07.047', 0);
INSERT INTO `knowledge_document_version` (`id`, `title`, `knowledge_document_type_uuid`, `knowledge_document_id`, `from_version`, `version`, `status`, `lcu`, `lcd`, `size`, `reviewer`, `review_time`, `is_delete`) VALUES (933846831710211, '业务系统A类事件故障处理', 'b56b6d09030f47589a9c49a8b0ead8f4', 933846831710210, 0, 1, 'passed', '6e6fd7feadc7469592047184919c8b4c', '2023-07-12 11:06:45.726', 1962, '6e6fd7feadc7469592047184919c8b4c', '2023-07-12 11:06:46.928', 0);
INSERT INTO `knowledge_document_version` (`id`, `title`, `knowledge_document_type_uuid`, `knowledge_document_id`, `from_version`, `version`, `status`, `lcu`, `lcd`, `size`, `reviewer`, `review_time`, `is_delete`) VALUES (933856042401793, '端口被占用', '171f3120dc86419aad858aac9d6e4bc4', 933856042401792, 0, 1, 'passed', '6e6fd7feadc7469592047184919c8b4c', '2023-07-12 11:25:03.882', 160, '6e6fd7feadc7469592047184919c8b4c', '2023-07-12 11:25:05.501', 0);
INSERT INTO `knowledge_document_version` (`id`, `title`, `knowledge_document_type_uuid`, `knowledge_document_id`, `from_version`, `version`, `status`, `lcu`, `lcd`, `size`, `reviewer`, `review_time`, `is_delete`) VALUES (933856562495489, 'InputStream_read方法使用注意', '171f3120dc86419aad858aac9d6e4bc4', 933856562495488, 0, 1, 'passed', '6e6fd7feadc7469592047184919c8b4c', '2023-07-12 11:26:05.456', 1008, '6e6fd7feadc7469592047184919c8b4c', '2023-07-12 11:26:06.533', 0);
INSERT INTO `knowledge_document_version` (`id`, `title`, `knowledge_document_type_uuid`, `knowledge_document_id`, `from_version`, `version`, `status`, `lcu`, `lcd`, `size`, `reviewer`, `review_time`, `is_delete`) VALUES (933860891017217, '发布流程', '4e879be8d8404ff09a61db59da78f9a5', 933860891017216, 0, 1, 'passed', '6e6fd7feadc7469592047184919c8b4c', '2023-07-12 11:34:41.321', 1944, '6e6fd7feadc7469592047184919c8b4c', '2023-07-12 11:34:43.002', 0);
INSERT INTO `knowledge_document_version` (`id`, `title`, `knowledge_document_type_uuid`, `knowledge_document_id`, `from_version`, `version`, `status`, `lcu`, `lcd`, `size`, `reviewer`, `review_time`, `is_delete`) VALUES (934030349287424, '发布流程', '4e879be8d8404ff09a61db59da78f9a5', 933860891017216, 1, 2, 'passed', 'c8dea216f5bd49349db05cbc87db2f9a', '2023-07-12 17:11:22.536', 1944, 'c8dea216f5bd49349db05cbc87db2f9a', '2023-07-12 17:11:23.575', 0);
INSERT INTO `knowledge_document_version` (`id`, `title`, `knowledge_document_type_uuid`, `knowledge_document_id`, `from_version`, `version`, `status`, `lcu`, `lcd`, `size`, `reviewer`, `review_time`, `is_delete`) VALUES (934030491893760, 'InputStream_read方法使用注意', '171f3120dc86419aad858aac9d6e4bc4', 933856562495488, 1, 2, 'passed', 'c8dea216f5bd49349db05cbc87db2f9a', '2023-07-12 17:11:39.516', 1009, 'c8dea216f5bd49349db05cbc87db2f9a', '2023-07-12 17:11:40.905', 0);
INSERT INTO `knowledge_document_version` (`id`, `title`, `knowledge_document_type_uuid`, `knowledge_document_id`, `from_version`, `version`, `status`, `lcu`, `lcd`, `size`, `reviewer`, `review_time`, `is_delete`) VALUES (934030550614016, '端口被占用', '171f3120dc86419aad858aac9d6e4bc4', 933856042401792, 1, 2, 'passed', 'c8dea216f5bd49349db05cbc87db2f9a', '2023-07-12 17:11:46.562', 160, 'c8dea216f5bd49349db05cbc87db2f9a', '2023-07-12 17:11:48.094', 0);
INSERT INTO `knowledge_document_version` (`id`, `title`, `knowledge_document_type_uuid`, `knowledge_document_id`, `from_version`, `version`, `status`, `lcu`, `lcd`, `size`, `reviewer`, `review_time`, `is_delete`) VALUES (934030617722880, '业务系统A类事件故障处理', 'b56b6d09030f47589a9c49a8b0ead8f4', 933846831710210, 1, 2, 'passed', 'c8dea216f5bd49349db05cbc87db2f9a', '2023-07-12 17:11:54.538', 1962, 'c8dea216f5bd49349db05cbc87db2f9a', '2023-07-12 17:11:55.898', 0);
INSERT INTO `knowledge_document_version` (`id`, `title`, `knowledge_document_type_uuid`, `knowledge_document_id`, `from_version`, `version`, `status`, `lcu`, `lcd`, `size`, `reviewer`, `review_time`, `is_delete`) VALUES (934030684831744, 'git安装', '1ae38c72d90040518b6967f4d0864963', 933843979583488, 1, 2, 'passed', 'c8dea216f5bd49349db05cbc87db2f9a', '2023-07-12 17:12:02.099', 1077, 'c8dea216f5bd49349db05cbc87db2f9a', '2023-07-12 17:12:03.347', 0);

-- ----------------------------
-- Records of knowledge_document_view_count
-- ----------------------------
INSERT INTO `knowledge_document_view_count` (`knowledge_document_id`, `count`) VALUES (933843979583488, 4);
INSERT INTO `knowledge_document_view_count` (`knowledge_document_id`, `count`) VALUES (933846831710210, 4);
INSERT INTO `knowledge_document_view_count` (`knowledge_document_id`, `count`) VALUES (933856042401792, 3);
INSERT INTO `knowledge_document_view_count` (`knowledge_document_id`, `count`) VALUES (933856562495488, 2);
INSERT INTO `knowledge_document_view_count` (`knowledge_document_id`, `count`) VALUES (933860891017216, 4);

COMMIT;